{
  "徒手": "WEAPON_UNARMED", 
  "小刀": "WEAPON_KNIFE", 
  "警棍": "WEAPON_NIGHTSTICK", 
  "铁锤": "WEAPON_HAMMER", 
  "棒球棒": "WEAPON_BAT", 
  "高尔夫球杆": "WEAPON_GOLFCLUB", 
  "撬棍": "WEAPON_CROWBAR", 
  "手枪": "WEAPON_PISTOL", 
  "战斗手枪": "WEAPON_COMBATPISTOL", 
  "穿甲手枪": "WEAPON_APPISTOL", 
  "0.5µ口径手枪": "WEAPON_PISTOL50", 
  "微型冲锋枪": "WEAPON_MICROSMG", 
  "冲锋枪": "WEAPON_SMG", 
  "突击冲锋枪": "WEAPON_ASSAULTSMG", 
  "突击步枪": "WEAPON_ASSAULTRIFLE", 
  "卡宾步枪": "WEAPON_CARBINERIFLE", 
  "高级步枪": "WEAPON_ADVANCEDRIFLE", 
  "机枪": "WEAPON_MG", 
  "战斗机枪": "WEAPON_COMBATMG", 
  "泵动式霰弹枪": "WEAPON_PUMPSHOTGUN", 
  "短管霰弹枪": "WEAPON_SAWNOFFSHOTGUN", 
  "突击霰弹枪": "WEAPON_ASSAULTSHOTGUN", 
  "无托式霰弹枪": "WEAPON_BULLPUPSHOTGUN", 
  "狙击步枪": "WEAPON_SNIPERRIFLE", 
  "重型狙击步枪": "WEAPON_HEAVYSNIPER", 
  "榴弹发射器": "WEAPON_GRENADELAUNCHER", 
  "火箭炮": "WEAPON_RPG", 
  "火神机枪": "WEAPON_MINIGUN", 
  "手榴弹": "WEAPON_GRENADE", 
  "黏弹": "WEAPON_STICKYBOMB", 
  "催泪瓦斯": "WEAPON_SMOKEGRENADE", 
  "汽油弹": "WEAPON_MOLOTOV", 
  "汽油桶": "WEAPON_PETROLCAN", 
  "酒瓶": "WEAPON_BOTTLE", 
  "劣质手枪": "WEAPON_SNSPISTOL", 
  "无托式步枪": "WEAPON_BULLPUPRIFLE", 
  "重型手枪": "WEAPON_HEAVYPISTOL", 
  "特制卡宾枪": "WEAPON_SPECIALCARBINE", 
  "Mkµ2µ无托式步枪": "WEAPON_BULLPUPRIFLE_MK2", 
  "Mkµ2µ射手步枪": "WEAPON_MARKSMANRIFLE_MK2", 
  "Mkµ2µ泵动式霰弹枪": "WEAPON_PUMPSHOTGUN_MK2", 
  "Mkµ2µ劣质手枪": "WEAPON_SNSPISTOL_MK2", 
  "MKµ2µ特制卡宾步枪": "WEAPON_SPECIALCARBINE_MK2", 
  "拐杖糖": "WEAPON_CANDYCANE", 
  "WMµ29µ手枪": "WEAPON_PISTOLXM3", 
  "电磁步枪": "WEAPON_RAILGUNXM3", 
  "双动式左轮手枪": "WEAPON_DOUBLEACTION", 
  "制导火箭发射器": "WEAPON_HOMINGLAUNCHER", 
  "感应地雷": "WEAPON_PROXMINE", 
  "Mkµ2µ重型左轮手枪": "WEAPON_REVOLVER_MK2", 
  "原子能枪": "WEAPON_RAYPISTOL", 
  "邪恶冥王": "WEAPON_RAYCARBINE", 
  "寡妇制造者": "WEAPON_RAYMINIGUN", 
  "古森柏冲锋枪": "WEAPON_GUSENBERG", 
  "古董骑兵匕首": "WEAPON_DAGGER", 
  "老式手枪": "WEAPON_VINTAGEPISTOL", 
  "烟花发射器": "WEAPON_FIREWORK", 
  "老式火枪": "WEAPON_MUSKET", 
  "手斧": "WEAPON_HATCHET", 
  "重型霰弹枪": "WEAPON_HEAVYSHOTGUN", 
  "射手步枪": "WEAPON_MARKSMANRIFLE", 
  "陶瓷手枪": "WEAPON_CERAMICPISTOL", 
  "战斗霰弹枪": "WEAPON_COMBATSHOTGUN", 
  "佩里科手枪": "WEAPON_GADGETPISTOL", 
  "军用步枪": "WEAPON_MILITARYRIFLE", 
  "信号枪": "WEAPON_FLAREGUN", 
  "海军左轮手枪": "WEAPON_NAVYREVOLVER", 
  "手指虎": "WEAPON_KNUCKLE", 
  "射手手枪": "WEAPON_MARKSMANPISTOL", 
  "作战自卫冲锋枪": "WEAPON_COMBATPDW", 
  "双管霰弹枪": "WEAPON_DBSHOTGUN", 
  "紧凑型步枪": "WEAPON_COMPACTRIFLE", 
  "开山刀": "WEAPON_MACHETE", 
  "冲锋手枪": "WEAPON_MACHINEPISTOL", 
  "手电筒": "WEAPON_FLASHLIGHT", 
  "重型左轮手枪": "WEAPON_REVOLVER", 
  "弹簧刀": "WEAPON_SWITCHBLADE", 
  "台球杆": "WEAPON_POOLCUE", 
  "迷你冲锋枪": "WEAPON_MINISMG", 
  "紧凑型榴弹发射器": "WEAPON_COMPACTLAUNCHER", 
  "战斗斧": "WEAPON_BATTLEAXE", 
  "冲锋霰弹枪": "WEAPON_AUTOSHOTGUN", 
  "管钳扳手": "WEAPON_WRENCH", 
  "土制炸弹": "WEAPON_PIPEBOMB", 
  "Mkµ2µ战斗机枪": "WEAPON_COMBATMG_MK2", 
  "Mkµ2µ突击步枪": "WEAPON_ASSAULTRIFLE_MK2", 
  "Mkµ2µ冲锋枪": "WEAPON_SMG_MK2", 
  "Mkµ2µ卡宾步枪": "WEAPON_CARBINERIFLE_MK2", 
  "Mkµ2µ重型狙击步枪": "WEAPON_HEAVYSNIPER_MK2", 
  "Mkµ2µ手枪": "WEAPON_PISTOL_MK2", 
  "石斧": "WEAPON_STONE_HATCHET", 
  "制式卡宾步枪": "WEAPON_TACTICALRIFLE", 
  "精确步枪": "WEAPON_PRECISIONRIFLE", 
  "重型步枪": "WEAPON_HEAVYRIFLE", 
  "紧凑型电磁脉冲发射器": "WEAPON_EMPLAUNCHER", 
  "电击枪": "WEAPON_STUNGUN_MP", 
  "战术冲锋枪": "WEAPON_TECPISTOL", 
  "雪球发射器": "WEAPON_SNOWLAUNCHER", 
  "战斗步枪": "WEAPON_BATTLERIFLE", 
}